indiv_id,iter_num,accuracy,time_tolerance,interpretability,score,tournament_score,score_sd,top derived_features,top original_features,training_times,best_iterations,last_3_mutation_try_actual_actions,ngenes_start,ngenes_max,ngenes,ngenes_dead,nfeatures_max,nfeatures,feature_cost,model_name,target_transformer_name,from_brain,derived_from_brain,from_brain_count,derived_from_brain_count,booster,model_class_name,n_gpus,gpu_id,n_jobs,num_classes,num_class,labels,score_f_name,random_state,time_column,tgc,pred_gap,pred_periods,target,n_estimators,learning_rate,early_stopping_rounds,reg_alpha,reg_lambda,gamma,max_bin,scale_pos_weight,max_delta_step,min_child_weight,subsample,colsample_bytree,tree_method,grow_policy,max_depth,max_leaves,objective,eval_metric,early_stopping_threshold,monotonicity_constraints,silent,debug_verbose,seed,disable_gpus,lossguide,dummy,ensemble_level,train_shape,valid_shape,model_origin,subsample_freq,min_data_in_bin,min_child_samples,boosting_type,enable_early_stopping_rounds,epochs,add_wide,add_attention,layers,activation,batch_size,chunk_size,dropout,strategy,l1,l2,ort_loss,ort_loss_tau,normalize_type,best_learning_rate,task,experiment_id
0,-1,7,2,8,0.49027322641437127,0.49027322641437127,0.03369828640871836,"[['1_Txt:tweet.18', 1.0], ['1_Txt:tweet.21', 0.9921665787696838], ['1_Txt:tweet.12', 0.973416268825531]]","[['tweet', 1.0]]",26.7348849773407,258,"[['prune', 'prune_1'], ['perturb_xgb', 'perturb_xgb'], ['prune_by_features', 'prune_by_features_3']]",4,100,4,4,100,59,59,XGBOOSTGBM,NoneType,True,False,0,0,gbtree,XGBoostGBMModel,0,0,4,3,3,"[0, 1, 2]",LOGLOSS,1070830757,,,,,,600.0,0.05,30.0,0.0,10.0,0.01,256.0,1.0,0.0,1.0,0.8,0.2,hist,lossguide,0,128,multi:softprob,mlogloss,1e-05,False,True,0.0,1070830757,True,False,False,1,"(1842, 2)",,SEQUENCE,,,,,,,,,,,,,,,,,,,,,,
0,1,7,2,8,0.4887040476649155,0.4887040476649155,0.036102525998451866,"[['3_Txt:tweet.6', 1.0], ['3_Txt:tweet.8', 0.874485194683075], ['3_Txt:tweet.2', 0.852742612361908]]","[['tweet', 1.0]]",3.678149938583374,79,"[['perturb_xgb', 'perturb_xgb'], ['add_best', 'add_best'], ['add', 'add']]",6,100,6,5,100,63,63,LIGHTGBM,NoneType,True,False,0,0,lightgbm,LightGBMModel,0,0,4,3,3,"[0, 1, 2]",LOGLOSS,1006544132,,,,,,600.0,0.05,30.0,0.0,5.0,0.0,128.0,1.0,0.0,1.0,0.5,0.55,hist,lossguide,0,32,multi:softprob,mlogloss,,False,True,,1006544132,True,False,False,1,"(1842, 2)",,SEQUENCE,1.0,5.0,5.0,gbdt,True,,,,,,,,,,,,,,,,,
0,2,7,2,8,0.5345137910481909,0.5345137910481909,0.03325231019150769,"[['0_CVTE:tweet.0', 1.0], ['0_CVTE:tweet.1', 0.5500248670578003], ['0_CVTE:tweet.2', 0.05108604580163956]]","[['tweet', 1.0]]",1.0917394161224365,1,[],1,100,1,0,100,3,3,DECISIONTREE,NoneType,False,False,0,0,decision tree,DecisionTreeModel,0,0,4,3,3,"[0, 1, 2]",LOGLOSS,923427085,,,,,,1.0,1.0,1.0,0.0,1.0,0.0,256.0,1.0,0.0,1.0,1.0,1.0,hist,lossguide,10,128,multi:softprob,mlogloss,,False,True,,923427085,True,False,False,1,"(1842, 2)",,SEQUENCE,0.0,1.0,1.0,gbdt,True,,,,,,,,,,,,,,,,,
0,3,7,2,8,0.5343848560186844,0.5343848560186844,0.033611228086266993,"[['0_CVTE:tweet.0', 1.0], ['0_CVTE:tweet.1', 0.6317867636680603], ['0_CVTE:tweet.2', 0.16689236462116241]]","[['tweet', 1.0]]",1.4578392505645752,17,[],1,100,1,0,100,3,3,LIGHTGBM,NoneType,False,False,0,0,lightgbm,LightGBMModel,0,0,4,3,3,"[0, 1, 2]",LOGLOSS,923427085,,,,,,600.0,0.05,30.0,0.0,5.0,10.0,64.0,1.0,0.0,1.0,0.9,0.5,hist,lossguide,0,1024,multi:softprob,mlogloss,,False,True,,923427085,True,False,False,1,"(1842, 2)",,RANDOM,20.0,1.0,1.0,gbdt,True,,,,,,,,,,,,,,,,,
0,4,7,2,8,0.4955993959459172,0.4955993959459172,0.035454825806253976,"[['1_Txt:tweet.5', 1.0], ['1_Txt:tweet.0', 0.95772385597229], ['1_Txt:tweet.15', 0.920025110244751]]","[['tweet', 1.0]]",6.425598859786987,32,[],2,100,2,0,100,53,53,LIGHTGBM,NoneType,False,False,0,0,lightgbm,LightGBMModel,0,0,4,3,3,"[0, 1, 2]",LOGLOSS,923427085,,,,,,600.0,0.05,30.0,0.0,1.0,0.0,256.0,1.0,0.0,1.0,0.7,0.8,hist,depthwise,10,0,multi:softprob,mlogloss,,False,True,,923427085,True,False,False,1,"(1842, 2)",,"DefaultIndiv: do_te:True,interp:8,depth:10,num_as_cat:False",1.0,1.0,1.0,gbdt,True,,,,,,,,,,,,,,,,,
0,5,7,2,8,0.5344688716587809,0.5344688716587809,0.0338194789059233,"[['1_TEXTCHARCNN_TE:tweet.1', 1.0], ['1_TEXTCHARCNN_TE:tweet.2', 0.5476645231246948], ['1_TEXTCHARCNN_TE:tweet.0', 0.3458319306373596]]","[['tweet', 1.0]]",1.8054335117340088,7,[],2,100,2,0,100,6,6,LIGHTGBM,NoneType,False,False,0,0,lightgbm,LightGBMModel,0,0,4,3,3,"[0, 1, 2]",LOGLOSS,923427085,,,,,,600.0,0.05,30.0,0.0,1.0,0.0,256.0,1.0,0.0,1.0,0.7,0.8,hist,depthwise,6,0,multi:softprob,mlogloss,,False,True,,923427085,True,False,False,1,"(1842, 2)",,"DefaultIndiv: do_te:True,interp:8,depth:6,num_as_cat:False",1.0,1.0,1.0,gbdt,True,,,,,,,,,,,,,,,,,
0,6,7,2,8,0.5198621040929544,0.5198621040929544,0.03293182070972178,"[['1_TEXTCNN_TE:tweet.0', 1.0], ['1_TEXTCNN_TE:tweet.2', 0.9484481811523438], ['1_TEXTCNN_TE:tweet.1', 0.8433740735054016]]","[['tweet', 1.0]]",2.5384507179260254,28,[],2,100,2,0,100,4,4,LIGHTGBM,NoneType,False,False,0,0,lightgbm,LightGBMModel,0,0,4,3,3,"[0, 1, 2]",LOGLOSS,923427085,,,,,,600.0,0.05,30.0,0.0,1.0,0.0,256.0,1.0,0.0,1.0,0.7,0.8,hist,depthwise,10,0,multi:softprob,mlogloss,,False,True,,923427085,True,False,False,1,"(1842, 2)",,"DefaultIndiv: do_te:False,interp:8,depth:10,num_as_cat:False",1.0,1.0,1.0,gbdt,True,,,,,,,,,,,,,,,,,
0,7,7,2,8,0.49035184581470004,0.49035184581470004,0.03502875078336025,"[['1_Txt:tweet.5', 1.0], ['1_Txt:tweet.10', 0.858655571937561], ['1_Txt:tweet.12', 0.834083616733551]]","[['tweet', 1.0]]",4.374252796173096,41,[],2,100,2,0,100,51,51,LIGHTGBM,NoneType,False,False,0,0,lightgbm,LightGBMModel,0,0,4,3,3,"[0, 1, 2]",LOGLOSS,923427085,,,,,,600.0,0.05,30.0,0.0,1.0,0.0,256.0,1.0,0.0,1.0,0.7,0.8,hist,depthwise,6,0,multi:softprob,mlogloss,,False,True,,923427085,True,False,False,1,"(1842, 2)",,"DefaultIndiv: do_te:False,interp:8,depth:6,num_as_cat:False",1.0,1.0,1.0,gbdt,True,,,,,,,,,,,,,,,,,
0,8,7,2,8,0.5321941342710017,0.5321941342710017,0.0341350396582692,"[['1_TEXTBIGRU_TE:tweet.1', 1.0], ['1_TEXTBIGRU_TE:tweet.2', 0.6891071200370789], ['1_TEXTBIGRU_TE:tweet.0', 0.4204140901565552]]","[['tweet', 1.0]]",2.160013437271118,21,[],2,100,2,0,100,6,6,LIGHTGBM,NoneType,False,False,0,0,lightgbm,LightGBMModel,0,0,4,3,3,"[0, 1, 2]",LOGLOSS,923427085,,,,,,600.0,0.05,30.0,0.0,1.0,0.0,256.0,1.0,0.0,1.0,0.7,0.8,hist,depthwise,10,0,multi:softprob,mlogloss,,False,True,,923427085,True,False,False,1,"(1842, 2)",,"DefaultIndiv: do_te:only,interp:8,depth:10,num_as_cat:False",1.0,1.0,1.0,gbdt,True,,,,,,,,,,,,,,,,,
0,9,7,2,8,0.520035153848818,0.520035153848818,0.0332128704804716,"[['1_TEXTCNN_TE:tweet.1', 1.0], ['1_TEXTCNN_TE:tweet.0', 0.9722622632980347], ['1_TEXTCNN_TE:tweet.2', 0.9716394543647766]]","[['tweet', 1.0]]",1.9663748741149902,74,[],2,100,2,0,100,6,6,LIGHTGBM,NoneType,False,False,0,0,lightgbm,LightGBMModel,0,0,4,3,3,"[0, 1, 2]",LOGLOSS,923427085,,,,,,600.0,0.05,30.0,0.0,1.0,0.0,256.0,1.0,0.0,1.0,0.7,0.8,hist,depthwise,6,0,multi:softprob,mlogloss,,False,True,,923427085,True,False,False,1,"(1842, 2)",,"DefaultIndiv: do_te:only,interp:8,depth:6,num_as_cat:False",1.0,1.0,1.0,gbdt,True,,,,,,,,,,,,,,,,,
0,10,7,2,8,0.5542046528120853,0.5542046528120853,0.07077014369803943,"[['1_TEXTCNN_TE:tweet.0', 1.0], ['1_TEXTCNN_TE:tweet.1', 0.827526330947876], ['1_TEXTCNN_TE:tweet.2', 0.655695915222168]]","[['tweet', 1.0]]",5.156784534454346,94,[],2,100,2,0,100,6,6,XGBOOSTGBM,NoneType,False,False,0,0,gbtree,XGBoostGBMModel,0,0,4,3,3,"[0, 1, 2]",LOGLOSS,923427085,,,,,,600.0,0.05,30.0,0.0,1.0,0.0,256.0,1.0,0.0,1.0,0.7,0.8,hist,depthwise,6,0,multi:softprob,mlogloss,1e-05,False,True,0,923427085,True,False,False,1,"(1842, 2)",,SEQUENCE,,,,,,,,,,,,,,,,,,,,,,
0,11,7,2,8,0.5334131959374965,0.5334131959374965,0.033761427949998035,"[['1_TEXTCHARCNN_TE:tweet.0', 1.0], ['1_TEXTCHARCNN_TE:tweet.1', 0.7824079990386963], ['1_TEXTCHARCNN_TE:tweet.2', 0.62784343957901]]","[['tweet', 1.0]]",2.4980592727661133,9,[],2,100,2,0,100,6,6,LIGHTGBM,NoneType,False,False,0,0,lightgbm,LightGBMModel,0,0,4,3,3,"[0, 1, 2]",LOGLOSS,923427085,,,,,,600.0,0.05,30.0,0.0,0.5,1.0,64.0,1.0,0.0,1.0,0.7,0.9,hist,lossguide,0,1024,multi:softprob,mlogloss,,False,True,,923427085,True,False,False,1,"(1842, 2)",,RANDOM,5,1,1,gbdt,True,,,,,,,,,,,,,,,,,
0,12,7,2,8,0.6009628894285413,0.6009628894285413,0.03782441401228961,"[['1_Txt:tweet.5', 1.0], ['1_Txt:tweet.15', 0.7671884298324585], ['1_Txt:tweet.18', 0.7604098916053772]]","[['tweet', 1.0]]",1.5154879093170166,1,[],2,100,2,0,100,53,53,DECISIONTREE,NoneType,False,False,0,0,decision tree,DecisionTreeModel,0,0,4,3,3,"[0, 1, 2]",LOGLOSS,923427085,,,,,,1.0,1.0,1.0,0.0,1.0,0.0,256.0,1.0,0.0,1.0,1.0,1.0,hist,depthwise,12,64,multi:softprob,mlogloss,,False,True,,923427085,True,False,False,1,"(1842, 2)",,RANDOM,0,1,1,gbdt,True,,,,,,,,,,,,,,,,,
0,16,7,2,8,0.5318249787736565,0.5318249787736565,0.03380160671227894,"[['1_TEXTBIGRU_TE:tweet.2', 1.0], ['1_TEXTBIGRU_TE:tweet.0', 0.8217858076095581], ['1_TEXTBIGRU_TE:tweet.1', 0.7520402669906616]]","[['tweet', 1.0]]",1.7626051902770996,21,[],2,50,2,0,100,4,4,LIGHTGBM,NoneType,False,False,0,0,lightgbm,LightGBMModel,0,0,4,3,3,"[0, 1, 2]",LOGLOSS,923427085,,,,,,600.0,0.05,30.0,0.0,1.0,0.0,256.0,1.0,0.0,1.0,0.7,0.8,hist,depthwise,6,0,multi:softprob,mlogloss,,False,True,,923427085,True,False,False,1,"(1842, 2)",,"DefaultIndiv: do_te:False,interp:11,depth:6,num_as_cat:False",1,1,1,gbdt,True,,,,,,,,,,,,,,,,,
0,17,7,2,8,0.4848730022871274,0.4848730022871274,0.03507462978680737,"[['1_Txt:tweet.5', 1.0], ['1_Txt:tweet.12', 0.9073237776756287], ['1_Txt:tweet.0', 0.8907953500747681]]","[['tweet', 1.0]]",4.943855285644531,80,"[['add', 'add']]",3,100,3,0,100,54,54,LIGHTGBM,NoneType,False,False,0,0,lightgbm,LightGBMModel,0,0,4,3,3,"[0, 1, 2]",LOGLOSS,923427085,,,,,,600.0,0.05,30.0,0.0,10.0,0.1,64.0,1.0,0.0,1.0,0.7,0.7,hist,lossguide,0,1024,multi:softprob,mlogloss,,False,True,,923427085,True,False,False,1,"(1842, 2)",,RANDOM,5,1,1,gbdt,True,,,,,,,,,,,,,,,,,
0,18,7,2,8,0.5609305238697443,0.5609305238697443,0.034705101944301,"[['1_Txt:tweet.5', 1.0], ['1_Txt:tweet.15', 0.7721372842788696], ['1_Txt:tweet.18', 0.6954407691955566]]","[['tweet', 1.0]]",1.5363683700561523,1,"[['add', 'add']]",3,100,3,1,100,56,56,DECISIONTREE,NoneType,False,False,0,0,decision tree,DecisionTreeModel,0,0,4,3,3,"[0, 1, 2]",LOGLOSS,923427085,,,,,,1.0,1.0,1.0,0.0,1.0,0.0,256.0,1.0,0.0,1.0,1.0,1.0,hist,depthwise,6,32,multi:softprob,mlogloss,,False,True,,923427085,True,False,False,1,"(1842, 2)",,RANDOM,0,1,1,gbdt,True,,,,,,,,,,,,,,,,,
0,19,7,2,8,0.48853827383848936,0.48853827383848936,0.035241058113109715,"[['1_Txt:tweet.5', 1.0], ['1_Txt:tweet.10', 0.8257926106452942], ['1_Txt:tweet.12', 0.806918203830719]]","[['tweet', 1.0]]",4.663655996322632,50,"[['add', 'add'], ['add', 'mutate_extra_5_4']]",5,100,4,1,100,59,59,LIGHTGBM,NoneType,False,False,0,0,lightgbm,LightGBMModel,0,0,4,3,3,"[0, 1, 2]",LOGLOSS,923427085,,,,,,600.0,0.05,30.0,0.0,1.0,0.0,256.0,1.0,0.0,1.0,0.7,0.8,hist,depthwise,6,0,multi:softprob,mlogloss,,False,True,,923427085,True,False,False,1,"(1842, 2)",,SEQUENCE,1,1,1,gbdt,True,,,,,,,,,,,,,,,,,
0,20,7,2,8,0.5649134819071822,0.5649134819071822,0.09808141611552725,"[['1_TEXTCHARCNN_TE:tweet.0', 1.0], ['3_TEXTCNN_TE:tweet.0', 0.891910970211029], ['3_TEXTCNN_TE:tweet.1', 0.891369640827179]]","[['tweet', 1.0]]",6.844408750534058,87,"[['add', 'add'], ['add', 'mutate_extra_5_4']]",5,100,4,1,100,10,10,XGBOOSTGBM,NoneType,False,False,0,0,gbtree,XGBoostGBMModel,0,0,4,3,3,"[0, 1, 2]",LOGLOSS,923427085,,,,,,600.0,0.05,30.0,0.0,2.0,0.01,64.0,1.0,0.0,1.0,0.7,0.8,hist,depthwise,10,0,multi:softprob,mlogloss,1e-05,False,True,0,923427085,True,False,False,1,"(1842, 2)",,RANDOM,,,,,,,,,,,,,,,,,,,,,,
0,21,7,2,8,0.5744222316225521,0.5744222316225521,0.035979348372474115,"[['3_Txt:tweet.16', 1.0], ['3_Txt:tweet.19', 0.7984711527824402], ['3_Txt:tweet.5', 0.7564967274665833]]","[['tweet', 1.0]]",1.876389980316162,1,"[['add', 'add'], ['add', 'mutate_extra_5_5']]",5,100,5,1,100,60,60,DECISIONTREE,NoneType,False,False,0,0,decision tree,DecisionTreeModel,0,0,4,3,3,"[0, 1, 2]",LOGLOSS,923427085,,,,,,1.0,1.0,1.0,0.0,1.0,0.0,256.0,1.0,0.0,1.0,1.0,1.0,hist,lossguide,6,128,multi:softprob,mlogloss,,False,True,,923427085,True,False,False,1,"(1842, 2)",,RANDOM,0,1,1,gbdt,True,,,,,,,,,,,,,,,,,
0,22,7,2,8,0.612704226136648,0.612704226136648,0.03959955084040964,"[['5_Txt:tweet.0', 1.0], ['5_Txt:tweet.2', 0.6034125685691833], ['5_Txt:tweet.9', 0.5850842595100403]]","[['tweet', 1.0]]",1.770521640777588,1,"[['add', 'add'], ['add', 'mutate_extra_5_4']]",5,100,4,1,100,59,59,DECISIONTREE,NoneType,False,False,0,0,decision tree,DecisionTreeModel,0,0,4,3,3,"[0, 1, 2]",LOGLOSS,923427085,,,,,,1.0,1.0,1.0,0.0,1.0,0.0,256.0,1.0,0.0,1.0,1.0,1.0,hist,lossguide,11,128,multi:softprob,mlogloss,,False,True,,923427085,True,False,False,1,"(1842, 2)",,RANDOM,0,1,1,gbdt,True,,,,,,,,,,,,,,,,,
0,23,7,2,8,0.5634237732434046,0.5634237732434046,0.09291161899183939,"[['3_TEXTCNN_TE:tweet.0', 1.0], ['3_TEXTCNN_TE:tweet.1', 0.9027996063232422], ['4_TEXTCHARCNN_TE:tweet.0', 0.8287928700447083]]","[['tweet', 1.0]]",8.470049381256104,82,"[['add', 'add'], ['add', 'mutate_extra_5_5']]",5,100,5,1,100,15,15,XGBOOSTGBM,NoneType,False,False,0,0,gbtree,XGBoostGBMModel,0,0,4,3,3,"[0, 1, 2]",LOGLOSS,923427085,,,,,,600.0,0.05,30.0,0.0,5.0,0.01,64.0,1.0,0.0,1.0,0.9,0.8,hist,lossguide,0,1024,multi:softprob,mlogloss,1e-05,False,True,0,923427085,True,False,False,1,"(1842, 2)",,RANDOM,,,,,,,,,,,,,,,,,,,,,,
0,24,7,2,8,0.5343895236454368,0.5343895236454368,0.033617054590965166,"[['0_CVTE:tweet.0', 1.0], ['0_CVTE:tweet.1', 1.0], ['0_CVTE:tweet.2', 1.0]]","[['tweet', 1.0]]",1.2550709247589111,1,[],1,1,1,0,100,3,3,CONSTANT,NoneType,False,False,0,0,constant,ConstantModel,0,0,4,3,3,"[0, 1, 2]",LOGLOSS,923427085,,,,,,600.0,0.05,30.0,0.0,1.0,0.0,256.0,1.0,0.0,1.0,0.7,0.8,hist,depthwise,6,0,multi:softprob,mlogloss,,False,True,,923427085,True,False,False,1,"(1842, 2)",,REF_0,1,1,1,gbdt,True,,,,,,,,,,,,,,,,,
0,25,7,2,8,0.584353993421028,0.584353993421028,0.024701379972161007,"[['0_CVTE:tweet.2', 1.0], ['0_CVTE:tweet.0', 0.9585563540458679], ['0_CVTE:tweet.1', 0.9203311204910278]]","[['tweet', 1.0]]",29.507022857666016,10,[],1,100,1,0,100,3,3,TENSORFLOW,NoneType,False,False,0,0,tensorflow,TensorFlowModel,0,0,4,3,3,"[0, 1, 2]",LOGLOSS,923427085,,,,,,,0.001,,,,,,,,,,,,,0,0,,,,,True,,923427085,True,False,False,1,"(1842, 2)",,RANDOM,,,,,,10.0,False,False,"(100, 100, 100)",tanh,1024.0,1000.0,0.3,1cycle,0.0,0.0,0.5,0.01,streaming,,,
0,26,7,2,8,0.5778745514529242,0.5778745514529242,0.04822675305713812,"[['1_Txt:tweet.48', 1.0], ['1_Txt:tweet.11', 0.9730673432350159], ['1_Txt:tweet.16', 0.9481065273284912]]","[['tweet', 1.0]]",43.11001920700073,10,[],2,100,2,0,100,53,53,TENSORFLOW,NoneType,False,False,0,0,tensorflow,TensorFlowModel,0,0,4,3,3,"[0, 1, 2]",LOGLOSS,923427085,,,,,,,0.01,,,,,,,,,,,,,0,0,,,,,True,,923427085,True,False,False,1,"(1842, 2)",,RANDOM,,,,,,10.0,False,True,"(100, 100, 100)",relu,256.0,1000.0,0.3,1cycle,0.0,0.0,0.5,0.01,streaming,,,
0,27,7,2,8,1.625362437486523,1.625362437486523,0.19191088871361084,"[['4_Txt:tweet.42', 1.0], ['0_CVTE:tweet.1', 0.9964040517807007], ['4_Txt:tweet.38', 0.9942657351493835]]","[['tweet', 1.0]]",38.434650182724,5,"[['add', 'add'], ['add', 'mutate_extra_3_3']]",3,100,3,1,100,56,56,TENSORFLOW,NoneType,False,False,0,0,tensorflow,TensorFlowModel,0,0,4,3,3,"[0, 1, 2]",LOGLOSS,923427085,,,,,,,0.01,,,,,,,,1,,,,,0,0,,,,False,True,,923427085,True,False,False,1,"(1842, 2)",,SEQUENCE,,,,,,5.0,False,False,"(500, 500, 500)",elu,512.0,1000.0,0.3,1cycle,0.0,0.0,0.5,0.01,streaming,,,
0,28,7,2,8,1.9617920076797106,1.9617920076797106,0.41763548782619403,"[['0_CVTE:tweet.1', 1.0], ['5_TEXTCHARCNN_TE:tweet.2', 0.9727122187614441], ['0_CVTE:tweet.2', 0.9546870589256287]]","[['tweet', 1.0]]",41.33305597305298,5,"[['add', 'add'], ['add', 'mutate_extra_5_4']]",5,100,4,1,100,10,10,TENSORFLOW,NoneType,False,False,0,0,tensorflow,TensorFlowModel,0,0,4,3,3,"[0, 1, 2]",LOGLOSS,923427085,,,,,,,0.1,,,,,,,,,,,,,0,0,,,,,True,,923427085,True,False,False,1,"(1842, 2)",,RANDOM,,,,,,5.0,False,True,"(500, 500, 500)",relu,1024.0,1000.0,0.5,1cycle,0.0,0.0,0.5,0.01,streaming,,,
7,29,7,2,8,0.49439755091087134,0.49439755091087134,0.035634274898499005,"[['14_Txt:tweet.6', 1.0], ['14_Txt:tweet.12', 0.980894923210144], ['14_Txt:tweet.10', 0.9443979263305664]]","[['tweet', 1.0]]",3.8570761680603027,63,[],3,100,4,15,100,35,35,LIGHTGBM,NoneType,False,False,0,0,lightgbm,LightGBMModel,0,0,4,3,3,"[0, 1, 2]",LOGLOSS,923427085,,,,,,600,0.05,30,0.0,1.0,0,256,1,0,1,0.7,0.8,hist,depthwise,6,0,multi:softprob,mlogloss,,False,True,,923427085,True,False,False,1,"(1842, 2)",,EXTRA_FS,1,1,1,gbdt,True,,,,,,,,,,,,,,,0.05,<h2oai.core.Task object at 0x7fab24266278>,ee8677ee-8206-11ea-a595-0242ac110002
1,30,7,2,8,0.4835803632440788,0.4835803632440788,0.03384705501248988,"[['1_Txt:tweet.5', 1.0], ['1_Txt:tweet.7', 0.8471400141716003], ['1_Txt:tweet.12', 0.8421579599380493]]","[['tweet', 1.0]]",3.0976312160491943,102,"[['add_best', 'perturb_xgb'], ['add_best', 'prune_by_features_1'], ['add_best', 'prune_3']]",5,100,1,4,100,50,50,LIGHTGBM,NoneType,False,False,0,0,lightgbm,LightGBMModel,0,0,4,3,3,"[0, 1, 2]",LOGLOSS,923427085,,,,,,600,0.05,30,0.0,10.0,0.001,128,1.0,0.0,1,0.9,0.65,hist,lossguide,0,16,multi:softprob,mlogloss,,False,True,,923427085,True,False,False,1,"(1842, 2)",,SEQUENCE,10.0,10.0,50.0,gbdt,True,,,,,,,,,,,,,,,,,
4,30,7,2,8,0.49130823602509116,0.49130823602509116,0.03429365959964266,"[['1_Txt:tweet.5', 1.0], ['1_Txt:tweet.18', 0.8350554704666138], ['1_Txt:tweet.1', 0.8252760767936707]]","[['tweet', 1.0]]",30.330127954483032,210,"[['prune_by_features', 'prune_by_features_3'], ['add', 'add'], ['add', 'add']]",4,100,6,5,100,63,63,XGBOOSTGBM,NoneType,False,True,0,0,gbtree,XGBoostGBMModel,0,0,4,3,3,"[0, 1, 2]",LOGLOSS,1070830757,,,,,,600,0.05,30,0.0,10.0,0.01,256,1.0,0.0,1,0.8,0.2,hist,lossguide,0,128,multi:softprob,mlogloss,1e-05,False,True,0.0,1070830757,True,False,False,1,"(1842, 2)",,SEQUENCE,,,,,,,,,,,,,,,,,,,,,,
5,30,7,2,8,0.4833505379873712,0.4833505379873712,0.03523285169276978,"[['1_Txt:tweet.5', 1.0], ['1_Txt:tweet.1', 0.9369691610336304], ['1_Txt:tweet.15', 0.8571895956993103]]","[['tweet', 1.0]]",5.364660263061523,86,"[['add', 'add'], ['prune_by_features', 'prune_by_features_3'], ['add_best', 'add_best']]",3,100,3,1,100,56,56,LIGHTGBM,NoneType,False,False,0,0,lightgbm,LightGBMModel,0,0,4,3,3,"[0, 1, 2]",LOGLOSS,923427085,,,,,,600,0.05,30,0.0,10.0,0.1,64,1.0,0.0,1,0.7,0.7,hist,lossguide,0,1024,multi:softprob,mlogloss,,False,True,,923427085,True,False,False,1,"(1842, 2)",,RANDOM,5.0,1.0,1.0,gbdt,True,,,,,,,,,,,,,,,,,
8,30,7,2,8,0.4899343714336609,0.4899343714336609,0.036337057998222594,"[['3_Txt:tweet.6', 1.0], ['3_Txt:tweet.9', 0.8591107726097107], ['3_Txt:tweet.18', 0.819729208946228]]","[['tweet', 1.0]]",4.191953897476196,89,"[['prune', 'prune_1'], ['prune_by_features', 'prune_by_features_2'], ['add', 'add']]",6,100,6,6,100,63,63,LIGHTGBM,NoneType,False,True,0,0,lightgbm,LightGBMModel,0,0,4,3,3,"[0, 1, 2]",LOGLOSS,1006544132,,,,,,600,0.05,30,0.0,5.0,0.0,128,1.0,0.0,1,0.5,0.55,hist,lossguide,0,32,multi:softprob,mlogloss,,False,True,,1006544132,True,False,False,1,"(1842, 2)",,SEQUENCE,1.0,5.0,5.0,gbdt,True,,,,,,,,,,,,,,,,,
0,31,7,2,8,0.48145779643836334,0.48145779643836334,0.03290938551798187,"[['1_Txt:tweet.12', 1.0], ['1_Txt:tweet.7', 0.9903790950775146], ['1_Txt:tweet.5', 0.9823899269104004]]","[['tweet', 1.0]]",3.293555498123169,193,"[['add_best', 'perturb_xgb'], ['add_best', 'prune_by_features_2'], ['add_best', 'prune_1']]",5,100,3,4,100,56,56,LIGHTGBM,NoneType,False,False,0,0,lightgbm,LightGBMModel,0,0,4,3,3,"[0, 1, 2]",LOGLOSS,923427085,,,,,,600,0.05,30,0.0,10.0,0.001,256,1.0,0.0,1,0.4,0.45,hist,lossguide,0,16,multi:softprob,mlogloss,,False,True,,923427085,True,False,False,1,"(1842, 2)",,SEQUENCE,1.0,3.0,50.0,gbdt,True,,,,,,,,,,,,,,,,,
1,31,7,2,8,0.48360919571243405,0.48360919571243405,0.03386895262533853,"[['1_Txt:tweet.5', 1.0], ['1_Txt:tweet.7', 0.8471400141716003], ['1_Txt:tweet.12', 0.8421579599380493]]","[['tweet', 1.0]]",3.1268553733825684,102,"[['add_best', 'prune_by_features_1'], ['add_best', 'prune_3'], ['prune_by_features', 'prune_by_features_2']]",5,100,1,4,100,50,50,LIGHTGBM,NoneType,False,False,0,0,lightgbm,LightGBMModel,0,0,4,3,3,"[0, 1, 2]",LOGLOSS,923427085,,,,,,600,0.05,30,0.0,10.0,0.001,128,1.0,0.0,1,0.9,0.65,hist,lossguide,0,16,multi:softprob,mlogloss,,False,True,,923427085,True,False,False,1,"(1842, 2)",,SEQUENCE,10.0,10.0,50.0,gbdt,True,,,,,,,,,,,,,,,,,
2,31,7,2,8,0.4889128908753864,0.4889128908753864,0.03582329480311188,"[['1_Txt:tweet.5', 1.0], ['1_Txt:tweet.7', 0.77765291929245], ['1_Txt:tweet.20', 0.7035871744155884]]","[['tweet', 1.0]]",4.7913312911987305,86,"[['add_best', 'add_best'], ['perturb_xgb', 'perturb_xgb'], ['add_best', 'add_best']]",3,100,4,1,100,59,59,LIGHTGBM,NoneType,False,False,0,0,lightgbm,LightGBMModel,0,0,4,3,3,"[0, 1, 2]",LOGLOSS,923427085,,,,,,600,0.05,30,0.0,10.0,0.1,64,1.0,0.0,1,0.7,0.7,hist,lossguide,0,1024,multi:softprob,mlogloss,,False,True,,923427085,True,False,False,1,"(1842, 2)",,RANDOM,10.0,1.0,1.0,gbdt,True,,,,,,,,,,,,,,,,,
5,31,7,2,8,0.4857327889471808,0.4857327889471808,0.03571936634019217,"[['1_Txt:tweet.5', 1.0], ['1_Txt:tweet.12', 0.8632211089134216], ['1_Txt:tweet.3', 0.813041090965271]]","[['tweet', 1.0]]",5.23781943321228,104,"[['add', 'add'], ['add', 'add'], ['add_best', 'add_best']]",3,100,5,2,100,60,60,LIGHTGBM,NoneType,False,False,0,0,lightgbm,LightGBMModel,0,0,4,3,3,"[0, 1, 2]",LOGLOSS,923427085,,,,,,600,0.05,30,0.0,10.0,0.1,64,1.0,0.0,1,0.7,0.7,hist,lossguide,0,1024,multi:softprob,mlogloss,,False,True,,923427085,True,False,False,1,"(1842, 2)",,RANDOM,5.0,1.0,1.0,gbdt,True,,,,,,,,,,,,,,,,,
0,32,7,2,8,0.4830078590587675,0.4830078590587675,0.03428031139072404,"[['1_Txt:tweet.5', 1.0], ['1_Txt:tweet.7', 0.8350697755813599], ['1_Txt:tweet.12', 0.8037490248680115]]","[['tweet', 1.0]]",3.9721951484680176,74,"[['add_best', 'prune_by_features_1'], ['add_best', 'prune_3'], ['perturb_xgb', 'perturb_xgb']]",5,100,1,4,100,50,50,LIGHTGBM,NoneType,False,False,0,0,lightgbm,LightGBMModel,0,0,4,3,3,"[0, 1, 2]",LOGLOSS,923427085,,,,,,600,0.05,30,0.0,10.0,0.001,128,1.0,0.0,1,0.9,0.65,hist,lossguide,0,16,multi:softprob,mlogloss,,False,True,,923427085,True,False,False,1,"(1842, 2)",,SEQUENCE,10.0,10.0,5.0,gbdt,True,,,,,,,,,,,,,,,,,
3,32,7,2,8,0.5048713235514781,0.5048713235514781,0.034760638700906385,"[['1_Txt:tweet.8', 1.0], ['1_Txt:tweet.10', 0.9339370131492615], ['1_Txt:tweet.15', 0.9186114072799683]]","[['tweet', 1.0]]",4.878938913345337,26,"[['prune_by_features', 'prune_by_features_2'], ['perturb_xgb', 'perturb_xgb'], ['perturb_xgb', 'perturb_xgb']]",5,100,1,4,100,50,50,LIGHTGBM,NoneType,False,False,0,0,lightgbm,LightGBMModel,0,0,4,3,3,"[0, 1, 2]",LOGLOSS,923427085,,,,,,600,0.05,30,0.0,0.0,0.0,256,1.0,0.0,1,0.8,0.35,hist,lossguide,0,64,multi:softprob,mlogloss,,False,True,,923427085,True,False,False,1,"(1842, 2)",,SEQUENCE,1.0,5.0,5.0,gbdt,True,,,,,,,,,,,,,,,,,
5,32,7,2,8,0.5003653607794623,0.5003653607794623,0.034161721365873275,"[['1_Txt:tweet.5', 1.0], ['1_Txt:tweet.12', 0.9989732503890991], ['1_Txt:tweet.1', 0.9934073090553284]]","[['tweet', 1.0]]",5.076293230056763,32,"[['add_best', 'add_best'], ['perturb_xgb', 'perturb_xgb'], ['perturb_xgb', 'perturb_xgb']]",3,100,3,1,100,56,56,LIGHTGBM,NoneType,False,False,0,0,lightgbm,LightGBMModel,0,0,4,3,3,"[0, 1, 2]",LOGLOSS,923427085,,,,,,600,0.05,30,0.0,0.1,0.0,128,1.0,0.0,1,0.9,0.65,hist,lossguide,0,512,multi:softprob,mlogloss,,False,True,,923427085,True,False,False,1,"(1842, 2)",,RANDOM,1.0,1.0,1.0,gbdt,True,,,,,,,,,,,,,,,,,
6,32,7,2,8,0.502209389290515,0.502209389290515,0.03559625701188784,"[['1_Txt:tweet.8', 1.0], ['1_Txt:tweet.24', 0.8788856267929077], ['1_Txt:tweet.10', 0.869407594203949]]","[['tweet', 1.0]]",4.422793865203857,30,"[['add_best', 'perturb_xgb'], ['add_best', 'prune_by_features_2'], ['add_best', 'prune_2']]",5,100,1,6,100,50,50,LIGHTGBM,NoneType,False,False,0,0,lightgbm,LightGBMModel,0,0,4,3,3,"[0, 1, 2]",LOGLOSS,923427085,,,,,,600,0.05,30,0.0,0.5,0.0,128,1.0,0.0,1,0.9,0.4,hist,lossguide,0,512,multi:softprob,mlogloss,,False,True,,923427085,True,False,False,1,"(1842, 2)",,SEQUENCE,20.0,1.0,1.0,gbdt,True,,,,,,,,,,,,,,,,,
1,33,7,2,8,0.4818145198074606,0.4818145198074606,0.03419059732922097,"[['1_Txt:tweet.5', 1.0], ['1_Txt:tweet.12', 0.8671907186508179], ['1_Txt:tweet.7', 0.8590731620788574]]","[['tweet', 1.0]]",4.14383602142334,100,"[['perturb_xgb', 'perturb_xgb'], ['prune_by_features', 'prune_by_features_2'], ['add', 'add']]",5,100,2,4,100,51,51,LIGHTGBM,NoneType,False,False,0,0,lightgbm,LightGBMModel,0,0,4,3,3,"[0, 1, 2]",LOGLOSS,923427085,,,,,,600,0.05,30,0.0,10.0,0.001,128,1.0,0.0,1,0.9,0.65,hist,lossguide,0,16,multi:softprob,mlogloss,,False,True,,923427085,True,False,False,1,"(1842, 2)",,SEQUENCE,10.0,10.0,5.0,gbdt,True,,,,,,,,,,,,,,,,,
3,33,7,2,8,0.5019994646365358,0.5019994646365358,0.03608738099863346,"[['1_Txt:tweet.5', 1.0], ['1_Txt:tweet.0', 0.9587679505348206], ['1_Txt:tweet.6', 0.9138031005859375]]","[['tweet', 1.0]]",3.8808624744415283,31,"[['add_best', 'add_best'], ['prune', 'prune_3'], ['perturb_xgb', 'perturb_xgb']]",3,100,1,3,100,50,50,LIGHTGBM,NoneType,False,False,0,0,lightgbm,LightGBMModel,0,0,4,3,3,"[0, 1, 2]",LOGLOSS,923427085,,,,,,600,0.05,30,0.0,0.5,0.1,64,1.0,0.0,1,0.7,0.7,hist,lossguide,0,1024,multi:softprob,mlogloss,,False,True,,923427085,True,False,False,1,"(1842, 2)",,RANDOM,5.0,1.0,1.0,gbdt,True,,,,,,,,,,,,,,,,,
4,33,7,2,8,0.5200739404498993,0.5200739404498993,0.03345207043951649,"[['10_TEXTCNN_TE:tweet.0', 1.0], ['10_TEXTCNN_TE:tweet.2', 0.7975761294364929], ['10_TEXTCNN_TE:tweet.1', 0.7667693495750427]]","[['tweet', 1.0]]",1.816321849822998,82,"[['prune', 'prune_2'], ['prune', 'prune_2'], ['add_best', 'add_best']]",5,100,2,8,100,6,6,LIGHTGBM,NoneType,False,False,0,0,lightgbm,LightGBMModel,0,0,4,3,3,"[0, 1, 2]",LOGLOSS,923427085,,,,,,600,0.05,30,0.0,10.0,0.001,256,1.0,0.0,1,0.4,0.45,hist,lossguide,0,16,multi:softprob,mlogloss,,False,True,,923427085,True,False,False,1,"(1842, 2)",,SEQUENCE,1.0,3.0,50.0,gbdt,True,,,,,,,,,,,,,,,,,
5,33,7,2,8,0.483380335602187,0.483380335602187,0.03383733620516345,"[['1_Txt:tweet.5', 1.0], ['1_Txt:tweet.7', 0.8471400141716003], ['1_Txt:tweet.12', 0.8421579599380493]]","[['tweet', 1.0]]",3.1967904567718506,102,"[['prune_by_features', 'prune_by_features_2'], ['prune_by_features', 'prune_by_features_1'], ['prune_by_features', 'prune_by_features_2']]",5,100,1,4,100,50,50,LIGHTGBM,NoneType,False,False,0,0,lightgbm,LightGBMModel,0,0,4,3,3,"[0, 1, 2]",LOGLOSS,923427085,,,,,,600,0.05,30,0.0,10.0,0.001,128,1.0,0.0,1,0.9,0.65,hist,lossguide,0,16,multi:softprob,mlogloss,,False,True,,923427085,True,False,False,1,"(1842, 2)",,SEQUENCE,10.0,10.0,50.0,gbdt,True,,,,,,,,,,,,,,,,,
0,34,7,2,8,0.5038798405759024,0.5038798405759024,0.03586756061529894,"[['1_Txt:tweet.10', 1.0], ['1_Txt:tweet.8', 0.9728299379348755], ['1_Txt:tweet.19', 0.9568661451339722]]","[['tweet', 1.0]]",4.403235197067261,40,"[['perturb_xgb', 'perturb_xgb'], ['perturb_xgb', 'perturb_xgb'], ['prune_by_features', 'prune_by_features_2']]",5,100,1,5,100,50,50,LIGHTGBM,NoneType,False,False,0,0,lightgbm,LightGBMModel,0,0,4,3,3,"[0, 1, 2]",LOGLOSS,923427085,,,,,,600,0.05,30,0.0,0.5,1.0,64,1.0,0.0,1,0.4,0.3,hist,lossguide,0,1024,multi:softprob,mlogloss,,False,True,,923427085,True,False,False,1,"(1842, 2)",,SEQUENCE,10.0,1.0,1.0,gbdt,True,,,,,,,,,,,,,,,,,
2,34,7,2,8,0.48360509699797766,0.48360509699797766,0.03429530188632963,"[['1_Txt:tweet.5', 1.0], ['1_Txt:tweet.7', 0.8350697755813599], ['1_Txt:tweet.12', 0.8037490248680115]]","[['tweet', 1.0]]",3.899557113647461,74,"[['add_best', 'prune_3'], ['prune_by_features', 'prune_by_features_1'], ['perturb_xgb', 'perturb_xgb']]",5,100,1,4,100,50,50,LIGHTGBM,NoneType,False,False,0,0,lightgbm,LightGBMModel,0,0,4,3,3,"[0, 1, 2]",LOGLOSS,923427085,,,,,,600,0.05,30,0.0,10.0,0.001,128,1.0,0.0,1,0.9,0.65,hist,lossguide,0,16,multi:softprob,mlogloss,,False,True,,923427085,True,False,False,1,"(1842, 2)",,SEQUENCE,10.0,10.0,5.0,gbdt,True,,,,,,,,,,,,,,,,,
3,34,7,2,8,0.5339636831542205,0.5339636831542205,0.033617542913257255,"[['8_TEXTCHARCNN_TE:tweet.0', 1.0], ['8_TEXTCHARCNN_TE:tweet.1', 0.7436584830284119], ['8_TEXTCHARCNN_TE:tweet.2', 0.3104228973388672]]","[['tweet', 1.0]]",1.5332155227661133,86,"[['add', 'add'], ['prune', 'prune_3'], ['add', 'add']]",5,100,2,7,100,4,4,LIGHTGBM,NoneType,False,False,0,0,lightgbm,LightGBMModel,0,0,4,3,3,"[0, 1, 2]",LOGLOSS,923427085,,,,,,600,0.05,30,0.0,10.0,0.001,256,1.0,0.0,1,0.4,0.45,hist,lossguide,0,16,multi:softprob,mlogloss,,False,True,,923427085,True,False,False,1,"(1842, 2)",,SEQUENCE,1.0,5.0,50.0,gbdt,True,,,,,,,,,,,,,,,,,
4,34,7,2,8,0.5029933975845852,0.5029933975845852,0.03530338462954558,"[['1_Txt:tweet.0', 1.0], ['1_Txt:tweet.24', 0.9532302021980286], ['1_Txt:tweet.21', 0.9487211108207703]]","[['tweet', 1.0]]",3.0995631217956543,34,"[['add_best', 'add_best'], ['prune_by_features', 'prune_by_features_1'], ['perturb_xgb', 'perturb_xgb']]",5,100,1,7,100,50,50,LIGHTGBM,NoneType,False,False,0,0,lightgbm,LightGBMModel,0,0,4,3,3,"[0, 1, 2]",LOGLOSS,923427085,,,,,,600,0.05,30,0.0,0.5,0.0,128,1.0,0.0,1,0.6,0.55,hist,depthwise,7,0,multi:softprob,mlogloss,,False,True,,923427085,True,False,False,1,"(1842, 2)",,SEQUENCE,20.0,5.0,1.0,gbdt,True,,,,,,,,,,,,,,,,,
1,35,7,2,8,0.4871247222118628,0.4871247222118628,0.03531616869534615,"[['1_Txt:tweet.5', 1.0], ['1_Txt:tweet.0', 0.8932784199714661], ['1_Txt:tweet.24', 0.8816075921058655]]","[['tweet', 1.0]]",3.7627506256103516,118,"[['add_best', 'add_best'], ['prune_by_features', 'prune_by_features_3'], ['prune_by_features', 'prune_by_features_3']]",5,100,1,10,100,50,50,LIGHTGBM,NoneType,False,False,0,0,lightgbm,LightGBMModel,0,0,4,3,3,"[0, 1, 2]",LOGLOSS,923427085,,,,,,600,0.05,30,0.0,10.0,0.001,64,1.0,0.0,1,0.6,0.4,hist,lossguide,0,64,multi:softprob,mlogloss,,False,True,,923427085,True,False,False,1,"(1842, 2)",,SEQUENCE,20.0,3.0,10.0,gbdt,True,,,,,,,,,,,,,,,,,
3,35,7,2,8,0.5343685199454221,0.5343685199454221,0.033672125745392696,"[['10_CVTE:tweet.0', 1.0], ['10_CVTE:tweet.1', 0.6242737174034119], ['10_CVTE:tweet.2', 0.30302590131759644]]","[['tweet', 1.0]]",1.6111063957214355,50,"[['prune_by_features', 'prune_by_features_3'], ['add_best', 'add_best'], ['prune', 'prune_2']]",5,100,1,9,100,3,3,LIGHTGBM,NoneType,False,False,0,0,lightgbm,LightGBMModel,0,0,4,3,3,"[0, 1, 2]",LOGLOSS,923427085,,,,,,600,0.05,30,0.0,10.0,0.001,128,1.0,0.0,1,0.9,0.65,hist,lossguide,0,16,multi:softprob,mlogloss,,False,True,,923427085,True,False,False,1,"(1842, 2)",,SEQUENCE,10.0,10.0,5.0,gbdt,True,,,,,,,,,,,,,,,,,
4,35,7,2,8,0.49884741289681495,0.49884741289681495,0.03535496358478698,"[['1_Txt:tweet.5', 1.0], ['1_Txt:tweet.12', 0.8074809908866882], ['1_Txt:tweet.0', 0.7693176865577698]]","[['tweet', 1.0]]",5.97154974937439,35,"[['prune_by_features', 'prune_by_features_3'], ['add', 'add'], ['perturb_xgb', 'perturb_xgb']]",5,100,2,8,100,53,53,LIGHTGBM,NoneType,False,False,0,0,lightgbm,LightGBMModel,0,0,4,3,3,"[0, 1, 2]",LOGLOSS,923427085,,,,,,600,0.05,30,0.0,0.5,0.0,256,1.0,0.0,1,0.8,0.9,hist,lossguide,0,256,multi:softprob,mlogloss,,False,True,,923427085,True,False,False,1,"(1842, 2)",,SEQUENCE,5.0,5.0,5.0,gbdt,True,,,,,,,,,,,,,,,,,
6,35,7,2,8,0.5217613764827549,0.5217613764827549,0.03337375538752249,"[['8_TEXTCNN_TE:tweet.0', 1.0], ['8_TEXTCNN_TE:tweet.1', 0.9442722201347351], ['8_TEXTCNN_TE:tweet.2', 0.695665180683136]]","[['tweet', 1.0]]",1.8365659713745117,30,"[['perturb_xgb', 'perturb_xgb'], ['add', 'add'], ['prune', 'prune_2']]",5,100,1,7,100,3,3,LIGHTGBM,NoneType,False,False,0,0,lightgbm,LightGBMModel,0,0,4,3,3,"[0, 1, 2]",LOGLOSS,923427085,,,,,,600,0.05,30,0.0,2.0,0.01,256,1.0,0.0,1,0.9,0.7,hist,depthwise,6,0,multi:softprob,mlogloss,,False,True,,923427085,True,False,False,1,"(1842, 2)",,SEQUENCE,5.0,10.0,25.0,gbdt,True,,,,,,,,,,,,,,,,,
0,36,7,2,8,0.48339182648070744,0.48339182648070744,0.03357458831366166,"[['1_Txt:tweet.5', 1.0], ['1_Txt:tweet.3', 0.9387041926383972], ['1_Txt:tweet.1', 0.9316578507423401]]","[['tweet', 1.0]]",3.6748299598693848,244,"[['prune_by_features', 'prune_by_features_2'], ['prune', 'prune_3'], ['add', 'add']]",5,100,2,9,100,53,53,LIGHTGBM,NoneType,False,False,0,0,lightgbm,LightGBMModel,0,0,4,3,3,"[0, 1, 2]",LOGLOSS,923427085,,,,,,600,0.05,30,0.0,10.0,0.001,256,1.0,0.0,1,0.4,0.45,hist,lossguide,0,16,multi:softprob,mlogloss,,False,True,,923427085,True,False,False,1,"(1842, 2)",,SEQUENCE,1.0,3.0,50.0,gbdt,True,,,,,,,,,,,,,,,,,
1,36,7,2,8,0.4839552926355951,0.4839552926355951,0.03297253099429977,"[['1_Txt:tweet.5', 1.0], ['1_Txt:tweet.7', 0.9299860596656799], ['1_Txt:tweet.20', 0.7439287304878235]]","[['tweet', 1.0]]",3.9463393688201904,102,"[['perturb_xgb', 'perturb_xgb'], ['add', 'add'], ['perturb_xgb', 'perturb_xgb']]",5,100,3,11,100,54,54,LIGHTGBM,NoneType,False,False,0,0,lightgbm,LightGBMModel,0,0,4,3,3,"[0, 1, 2]",LOGLOSS,923427085,,,,,,600,0.05,30,2.0,0.0,0.001,256,1.0,0.0,1,0.7,0.45,hist,depthwise,5,0,multi:softprob,mlogloss,,False,True,,923427085,True,False,False,1,"(1842, 2)",,SEQUENCE,1.0,1.0,1.0,gbdt,True,,,,,,,,,,,,,,,,,
2,36,7,2,8,0.48772315468533894,0.48772315468533894,0.03550005280644596,"[['1_Txt:tweet.24', 1.0], ['1_Txt:tweet.49', 0.9551164507865906], ['1_Txt:tweet.13', 0.9418535828590393]]","[['tweet', 1.0]]",3.1815247535705566,87,"[['perturb_xgb', 'perturb_xgb'], ['perturb_xgb', 'perturb_xgb'], ['perturb_xgb', 'perturb_xgb']]",5,100,1,9,100,50,50,LIGHTGBM,NoneType,False,False,0,0,lightgbm,LightGBMModel,0,0,4,3,3,"[0, 1, 2]",LOGLOSS,923427085,,,,,,600,0.05,30,0.0,5.0,0.0,64,1.0,0.0,1,0.6,0.3,hist,depthwise,6,0,multi:softprob,mlogloss,,False,True,,923427085,True,False,False,1,"(1842, 2)",,SEQUENCE,20.0,10.0,5.0,gbdt,True,,,,,,,,,,,,,,,,,
6,36,7,2,8,0.5339383260977552,0.5339383260977552,0.03356083964650617,"[['8_TEXTCHARCNN_TE:tweet.0', 1.0], ['8_TEXTCHARCNN_TE:tweet.1', 0.7462232708930969], ['8_TEXTCHARCNN_TE:tweet.2', 0.47336941957473755]]","[['tweet', 1.0]]",1.657768726348877,40,"[['add', 'add'], ['prune', 'prune_1'], ['prune_by_features', 'prune_5']]",5,100,1,8,100,3,3,LIGHTGBM,NoneType,False,False,0,0,lightgbm,LightGBMModel,0,0,4,3,3,"[0, 1, 2]",LOGLOSS,923427085,,,,,,600,0.05,30,0.0,10.0,0.001,128,1.0,0.0,1,0.9,0.65,hist,lossguide,0,16,multi:softprob,mlogloss,,False,True,,923427085,True,False,False,1,"(1842, 2)",,SEQUENCE,10.0,10.0,50.0,gbdt,True,,,,,,,,,,,,,,,,,
0,37,7,2,8,0.48807235485353573,0.48807235485353573,0.03460720844771258,"[['19_Txt:tweet.16', 1.0], ['19_Txt:tweet.19', 0.9245947003364563], ['19_Txt:tweet.5', 0.8999387621879578]]","[['tweet', 1.0]]",4.306792974472046,82,"[['prune_by_features', 'prune_4'], ['add', 'add'], ['add', 'add']]",5,100,3,16,100,54,54,LIGHTGBM,NoneType,False,False,0,0,lightgbm,LightGBMModel,0,0,4,3,3,"[0, 1, 2]",LOGLOSS,923427085,,,,,,600,0.05,30,2.0,0.0,0.001,256,1.0,0.0,1,0.7,0.45,hist,depthwise,5,0,multi:softprob,mlogloss,,False,True,,923427085,True,False,False,1,"(1842, 2)",,SEQUENCE,1.0,1.0,1.0,gbdt,True,,,,,,,,,,,,,,,,,
1,37,7,2,8,0.4801124390861846,0.4801124390861846,0.03427725482243745,"[['1_Txt:tweet.5', 1.0], ['1_Txt:tweet.12', 0.8266709446907043], ['1_Txt:tweet.10', 0.7641679048538208]]","[['tweet', 1.0]]",3.837671995162964,155,"[['perturb_xgb', 'perturb_xgb'], ['add_best', 'add_best'], ['add_best', 'add_best']]",5,100,6,6,100,63,63,LIGHTGBM,NoneType,False,False,0,0,lightgbm,LightGBMModel,0,0,4,3,3,"[0, 1, 2]",LOGLOSS,923427085,,,,,,600,0.05,30,0.0,10.0,0.001,128,1.0,0.0,1,0.9,0.65,hist,depthwise,4,0,multi:softprob,mlogloss,,False,True,,923427085,True,False,False,1,"(1842, 2)",,SEQUENCE,10.0,10.0,5.0,gbdt,True,,,,,,,,,,,,,,,,,
2,37,7,2,8,0.534114536247173,0.534114536247173,0.034028427045900755,"[['14_TEXTCHARCNN_TE:tweet.0', 1.0], ['14_TEXTCHARCNN_TE:tweet.1', 0.8049185872077942], ['14_TEXTCHARCNN_TE:tweet.2', 0.3341143727302551]]","[['tweet', 1.0]]",1.6450071334838867,35,"[['add_best', 'add_best'], ['add', 'add'], ['prune', 'prune_3']]",5,100,1,14,100,3,3,LIGHTGBM,NoneType,False,False,0,0,lightgbm,LightGBMModel,0,0,4,3,3,"[0, 1, 2]",LOGLOSS,923427085,,,,,,600,0.05,30,0.0,1.0,0.0,64,1.0,0.0,1,0.5,0.3,hist,lossguide,0,32,multi:softprob,mlogloss,,False,True,,923427085,True,False,False,1,"(1842, 2)",,SEQUENCE,5.0,1.0,50.0,gbdt,True,,,,,,,,,,,,,,,,,
7,37,7,2,8,0.48388498621215364,0.48388498621215364,0.03636215826101629,"[['1_Txt:tweet.5', 1.0], ['1_Txt:tweet.0', 0.8733998537063599], ['1_Txt:tweet.7', 0.7970475554466248]]","[['tweet', 1.0]]",6.255716323852539,80,"[['prune_by_features', 'prune_by_features_1'], ['prune', 'prune_3'], ['perturb_xgb', 'perturb_xgb']]",5,100,1,8,100,50,50,LIGHTGBM,NoneType,False,False,0,0,lightgbm,LightGBMModel,0,0,4,3,3,"[0, 1, 2]",LOGLOSS,923427085,,,,,,600,0.05,30,0.0,5.0,0.0,256,1.0,0.0,1,0.5,0.9,hist,depthwise,8,0,multi:softprob,mlogloss,,False,True,,923427085,True,False,False,1,"(1842, 2)",,SEQUENCE,1.0,3.0,5.0,gbdt,True,,,,,,,,,,,,,,,,,
2,38,7,2,8,0.4813901366258311,0.4813901366258311,0.03292034630783347,"[['1_Txt:tweet.12', 1.0], ['1_Txt:tweet.7', 0.9903790950775146], ['1_Txt:tweet.5', 0.9823899269104004]]","[['tweet', 1.0]]",3.4290199279785156,193,"[['add_best', 'prune_1'], ['add_best', 'add_best'], ['prune_by_features', 'prune_by_features_3']]",5,100,3,6,100,56,56,LIGHTGBM,NoneType,False,False,0,0,lightgbm,LightGBMModel,0,0,4,3,3,"[0, 1, 2]",LOGLOSS,923427085,,,,,,600,0.05,30,0.0,10.0,0.001,256,1.0,0.0,1,0.4,0.45,hist,lossguide,0,16,multi:softprob,mlogloss,,False,True,,923427085,True,False,False,1,"(1842, 2)",,SEQUENCE,1.0,3.0,50.0,gbdt,True,,,,,,,,,,,,,,,,,
3,38,7,2,8,0.4873039165078345,0.4873039165078345,0.03534756576848629,"[['1_Txt:tweet.5', 1.0], ['1_Txt:tweet.0', 0.8932784199714661], ['1_Txt:tweet.24', 0.8816075921058655]]","[['tweet', 1.0]]",3.8980562686920166,118,"[['prune_by_features', 'prune_by_features_3'], ['add', 'add'], ['prune_by_features', 'prune_by_features_3']]",5,100,1,12,100,50,50,LIGHTGBM,NoneType,False,False,0,0,lightgbm,LightGBMModel,0,0,4,3,3,"[0, 1, 2]",LOGLOSS,923427085,,,,,,600,0.05,30,0.0,10.0,0.001,64,1.0,0.0,1,0.6,0.4,hist,lossguide,0,64,multi:softprob,mlogloss,,False,True,,923427085,True,False,False,1,"(1842, 2)",,SEQUENCE,20.0,3.0,10.0,gbdt,True,,,,,,,,,,,,,,,,,
6,38,7,2,8,0.48573233299552715,0.48573233299552715,0.03538658811416228,"[['1_Txt:tweet.5', 1.0], ['1_Txt:tweet.12', 0.8923758864402771], ['1_Txt:tweet.7', 0.8362862467765808]]","[['tweet', 1.0]]",4.376180410385132,99,"[['add', 'add'], ['add', 'add'], ['add_best', 'add_best']]",5,100,3,6,100,54,54,LIGHTGBM,NoneType,False,False,0,0,lightgbm,LightGBMModel,0,0,4,3,3,"[0, 1, 2]",LOGLOSS,923427085,,,,,,600,0.05,30,0.0,10.0,0.001,128,1.0,0.0,1,0.9,0.65,hist,lossguide,0,16,multi:softprob,mlogloss,,False,True,,923427085,True,False,False,1,"(1842, 2)",,SEQUENCE,10.0,10.0,5.0,gbdt,True,,,,,,,,,,,,,,,,,
8,38,7,2,8,0.48122695826807615,0.48122695826807615,0.034107449674366026,"[['1_Txt:tweet.5', 1.0], ['1_Txt:tweet.12', 0.9813129901885986], ['1_Txt:tweet.10', 0.8816771507263184]]","[['tweet', 1.0]]",3.7653908729553223,128,"[['add_best', 'add_best'], ['perturb_xgb', 'perturb_xgb'], ['prune', 'prune_3']]",5,100,3,10,100,56,56,LIGHTGBM,NoneType,False,False,0,0,lightgbm,LightGBMModel,0,0,4,3,3,"[0, 1, 2]",LOGLOSS,923427085,,,,,,600,0.05,30,0.0,10.0,0.0,128,1.0,0.0,1,0.9,0.65,hist,depthwise,4,0,multi:softprob,mlogloss,,False,True,,923427085,True,False,False,1,"(1842, 2)",,SEQUENCE,10.0,10.0,5.0,gbdt,True,,,,,,,,,,,,,,,,,
